filename,label
img_00000.jpg,person
img_00001.jpg,person
img_00002.jpg,person
img_00003.jpg,person
img_00004.jpg,person
img_00005.jpg,person
img_00006.jpg,person
img_00007.jpg,person
img_00008.jpg,person
img_00009.jpg,person
img_00010.jpg,person
img_00011.jpg,person
img_00012.jpg,person
img_00013.jpg,person
img_00014.jpg,person
img_00015.jpg,person
img_00016.jpg,person
img_00017.jpg,person
img_00018.jpg,person
img_00019.jpg,person
img_00020.jpg,person
img_00021.jpg,person
img_00022.jpg,person
img_00023.jpg,person
img_00024.jpg,person
img_00025.jpg,person
img_00026.jpg,person
img_00027.jpg,person
img_00028.jpg,person
img_00029.jpg,person
img_00030.jpg,person
img_00031.jpg,person
img_00032.jpg,person
img_00033.jpg,person
img_00034.jpg,person
img_00035.jpg,person
img_00036.jpg,person
img_00037.jpg,person
img_00038.jpg,person
img_00039.jpg,person
img_00040.jpg,person
img_00041.jpg,person
img_00042.jpg,person
img_00043.jpg,person
img_00044.jpg,person
img_00045.jpg,person
img_00046.jpg,person
img_00047.jpg,person
img_00048.jpg,person
img_00049.jpg,person
img_00050.jpg,person
img_00051.jpg,person
img_00052.jpg,person
img_00053.jpg,person
img_00054.jpg,person
img_00055.jpg,person
img_00056.jpg,person
img_00057.jpg,person
img_00058.jpg,person
img_00059.jpg,person
img_00060.jpg,person
img_00061.jpg,person
img_00062.jpg,person
img_00063.jpg,person
img_00064.jpg,person
img_00065.jpg,person
img_00066.jpg,person
img_00067.jpg,person
img_00068.jpg,person
img_00069.jpg,person
img_00070.jpg,person
img_00071.jpg,person
img_00072.jpg,person
img_00073.jpg,person
img_00074.jpg,person
img_00075.jpg,person
img_00076.jpg,person
img_00077.jpg,person
img_00078.jpg,person
img_00079.jpg,person
img_00080.jpg,person
img_00081.jpg,person
img_00082.jpg,person
img_00083.jpg,person
img_00084.jpg,person
img_00085.jpg,person
img_00086.jpg,person
img_00087.jpg,person
img_00088.jpg,person
img_00089.jpg,person
img_00090.jpg,person
img_00091.jpg,person
img_00092.jpg,person
img_00093.jpg,person
img_00094.jpg,person
img_00095.jpg,person
img_00096.jpg,person
img_00097.jpg,person
img_00098.jpg,person
img_00099.jpg,person
img_00100.jpg,person
img_00101.jpg,person
img_00102.jpg,person
img_00103.jpg,person
img_00104.jpg,person
img_00105.jpg,person
img_00106.jpg,person
img_00107.jpg,person
img_00108.jpg,person
img_00109.jpg,person
img_00110.jpg,person
img_00111.jpg,person
img_00112.jpg,person
img_00113.jpg,person
img_00114.jpg,person
img_00115.jpg,person
img_00116.jpg,person
img_00117.jpg,person
img_00118.jpg,person
img_00119.jpg,person
img_00120.jpg,person
img_00121.jpg,person
img_00122.jpg,person
img_00123.jpg,person
img_00124.jpg,person
img_00125.jpg,person
img_00126.jpg,person
img_00127.jpg,person
img_00128.jpg,person
img_00129.jpg,person
img_00130.jpg,person
img_00131.jpg,person
img_00132.jpg,person
img_00133.jpg,person
img_00134.jpg,person
img_00135.jpg,person
img_00136.jpg,person
img_00137.jpg,person
img_00138.jpg,person
img_00139.jpg,person
img_00140.jpg,person
img_00141.jpg,person
img_00142.jpg,person
img_00143.jpg,person
img_00144.jpg,person
img_00145.jpg,person
img_00146.jpg,person
img_00147.jpg,person
img_00148.jpg,person
img_00149.jpg,person
img_00150.jpg,person
img_00151.jpg,person
img_00152.jpg,person
img_00153.jpg,person
img_00154.jpg,person
img_00155.jpg,person
img_00156.jpg,person
img_00157.jpg,person
img_00158.jpg,person
img_00159.jpg,person
img_00160.jpg,person
img_00161.jpg,person
img_00162.jpg,person
img_00163.jpg,person
img_00164.jpg,person
img_00165.jpg,person
img_00166.jpg,person
img_00167.jpg,person
img_00168.jpg,person
img_00169.jpg,person
img_00170.jpg,person
img_00171.jpg,person
img_00172.jpg,person
img_00173.jpg,person
img_00174.jpg,person
img_00175.jpg,person
img_00176.jpg,person
img_00177.jpg,person
img_00178.jpg,person
img_00179.jpg,person
img_00180.jpg,person
img_00181.jpg,person
img_00182.jpg,person
img_00183.jpg,person
img_00184.jpg,person
img_00185.jpg,person
img_00186.jpg,person
img_00187.jpg,person
img_00188.jpg,person
img_00189.jpg,person
img_00190.jpg,person
img_00191.jpg,person
img_00192.jpg,person
img_00193.jpg,person
img_00194.jpg,person
img_00195.jpg,person
img_00196.jpg,person
img_00197.jpg,person
img_00198.jpg,person
img_00199.jpg,person
img_00200.jpg,person
img_00201.jpg,person
img_00202.jpg,person
img_00203.jpg,person
img_00204.jpg,person
img_00205.jpg,person
img_00206.jpg,person
img_00207.jpg,person
img_00208.jpg,person
img_00209.jpg,person
img_00210.jpg,person
img_00211.jpg,person
img_00212.jpg,person
img_00213.jpg,person
img_00214.jpg,person
img_00215.jpg,person
img_00216.jpg,person
img_00217.jpg,person
img_00218.jpg,person
img_00219.jpg,person
img_00220.jpg,person
img_00221.jpg,person
img_00222.jpg,person
img_00223.jpg,person
img_00224.jpg,person
img_00225.jpg,person
img_00226.jpg,person
img_00227.jpg,person
img_00228.jpg,person
img_00229.jpg,person
img_00230.jpg,person
img_00231.jpg,person
img_00232.jpg,person
img_00233.jpg,person
img_00234.jpg,person
img_00235.jpg,person
img_00236.jpg,person
img_00237.jpg,person
img_00238.jpg,person
img_00239.jpg,person
img_00240.jpg,person
img_00241.jpg,person
img_00242.jpg,person
img_00243.jpg,person
img_00244.jpg,person
img_00245.jpg,person
img_00246.jpg,person
img_00247.jpg,person
img_00248.jpg,person
img_00249.jpg,person
img_00250.jpg,person
img_00251.jpg,person
img_00252.jpg,person
img_00253.jpg,person
img_00254.jpg,person
img_00255.jpg,person
img_00256.jpg,person
img_00257.jpg,person
img_00258.jpg,person
img_00259.jpg,person
img_00260.jpg,person
img_00261.jpg,person
img_00262.jpg,person
img_00263.jpg,person
img_00264.jpg,person
img_00265.jpg,person
img_00266.jpg,person
img_00267.jpg,person
img_00268.jpg,person
img_00269.jpg,person
img_00270.jpg,person
img_00271.jpg,person
img_00272.jpg,person
img_00273.jpg,person
img_00274.jpg,person
img_00275.jpg,person
img_00276.jpg,person
img_00277.jpg,person
img_00278.jpg,person
img_00279.jpg,person
img_00280.jpg,person
img_00281.jpg,person
img_00282.jpg,person
img_00283.jpg,person
img_00284.jpg,person
img_00285.jpg,person
img_00286.jpg,person
img_00287.jpg,person
img_00288.jpg,person
img_00289.jpg,person
img_00290.jpg,person
img_00291.jpg,person
img_00292.jpg,person
img_00293.jpg,person
img_00294.jpg,person
img_00295.jpg,person
img_00296.jpg,person
img_00297.jpg,person
img_00298.jpg,person
img_00299.jpg,person
img_00300.jpg,no_person
img_00301.jpg,no_person
img_00302.jpg,no_person
img_00303.jpg,no_person
img_00304.jpg,no_person
img_00305.jpg,no_person
img_00306.jpg,no_person
img_00307.jpg,no_person
img_00308.jpg,no_person
img_00309.jpg,no_person
img_00310.jpg,no_person
img_00311.jpg,no_person
img_00312.jpg,no_person
img_00313.jpg,no_person
img_00314.jpg,no_person
img_00315.jpg,no_person
img_00316.jpg,no_person
img_00317.jpg,no_person
img_00318.jpg,no_person
img_00319.jpg,no_person
img_00320.jpg,no_person
img_00321.jpg,no_person
img_00322.jpg,no_person
img_00323.jpg,no_person
img_00324.jpg,no_person
img_00325.jpg,no_person
img_00326.jpg,no_person
img_00327.jpg,no_person
img_00328.jpg,no_person
img_00329.jpg,no_person
img_00330.jpg,no_person
img_00331.jpg,no_person
img_00332.jpg,no_person
img_00333.jpg,no_person
img_00334.jpg,no_person
img_00335.jpg,no_person
img_00336.jpg,no_person
img_00337.jpg,no_person
img_00338.jpg,no_person
img_00339.jpg,no_person
img_00340.jpg,no_person
img_00341.jpg,no_person
img_00342.jpg,no_person
img_00343.jpg,no_person
img_00344.jpg,no_person
img_00345.jpg,no_person
img_00346.jpg,no_person
img_00347.jpg,no_person
img_00348.jpg,no_person
img_00349.jpg,no_person
img_00350.jpg,no_person
img_00351.jpg,no_person
img_00352.jpg,no_person
img_00353.jpg,no_person
img_00354.jpg,no_person
img_00355.jpg,no_person
img_00356.jpg,no_person
img_00357.jpg,no_person
img_00358.jpg,no_person
img_00359.jpg,no_person
img_00360.jpg,no_person
img_00361.jpg,no_person
img_00362.jpg,no_person
img_00363.jpg,no_person
img_00364.jpg,no_person
img_00365.jpg,no_person
img_00366.jpg,no_person
img_00367.jpg,no_person
img_00368.jpg,no_person
img_00369.jpg,no_person
img_00370.jpg,no_person
img_00371.jpg,no_person
img_00372.jpg,no_person
img_00373.jpg,no_person
img_00374.jpg,no_person
img_00375.jpg,no_person
img_00376.jpg,no_person
img_00377.jpg,no_person
img_00378.jpg,no_person
img_00379.jpg,no_person
img_00380.jpg,no_person
img_00381.jpg,no_person
img_00382.jpg,no_person
img_00383.jpg,no_person
img_00384.jpg,no_person
img_00385.jpg,no_person
img_00386.jpg,no_person
img_00387.jpg,no_person
img_00388.jpg,no_person
img_00389.jpg,no_person
img_00390.jpg,no_person
img_00391.jpg,no_person
img_00392.jpg,no_person
img_00393.jpg,no_person
img_00394.jpg,no_person
img_00395.jpg,no_person
img_00396.jpg,no_person
img_00397.jpg,no_person
img_00398.jpg,no_person
img_00399.jpg,no_person
img_00400.jpg,no_person
img_00401.jpg,no_person
img_00402.jpg,no_person
img_00403.jpg,no_person
img_00404.jpg,no_person
img_00405.jpg,no_person
img_00406.jpg,no_person
img_00407.jpg,no_person
img_00408.jpg,no_person
img_00409.jpg,no_person
img_00410.jpg,no_person
img_00411.jpg,no_person
img_00412.jpg,no_person
img_00413.jpg,no_person
img_00414.jpg,no_person
img_00415.jpg,no_person
img_00416.jpg,no_person
img_00417.jpg,no_person
img_00418.jpg,no_person
img_00419.jpg,no_person
img_00420.jpg,no_person
img_00421.jpg,no_person
img_00422.jpg,no_person
img_00423.jpg,no_person
img_00424.jpg,no_person
img_00425.jpg,no_person
img_00426.jpg,no_person
img_00427.jpg,no_person
img_00428.jpg,no_person
img_00429.jpg,no_person
img_00430.jpg,no_person
img_00431.jpg,no_person
img_00432.jpg,no_person
img_00433.jpg,no_person
img_00434.jpg,no_person
img_00435.jpg,no_person
img_00436.jpg,no_person
img_00437.jpg,no_person
img_00438.jpg,no_person
img_00439.jpg,no_person
img_00440.jpg,no_person
img_00441.jpg,no_person
img_00442.jpg,no_person
img_00443.jpg,no_person
img_00444.jpg,no_person
img_00445.jpg,no_person
img_00446.jpg,no_person
img_00447.jpg,no_person
img_00448.jpg,no_person
img_00449.jpg,no_person
img_00450.jpg,no_person
img_00451.jpg,no_person
img_00452.jpg,no_person
img_00453.jpg,no_person
img_00454.jpg,no_person
img_00455.jpg,no_person
img_00456.jpg,no_person
img_00457.jpg,no_person
img_00458.jpg,no_person
img_00459.jpg,no_person
img_00460.jpg,no_person
img_00461.jpg,no_person
img_00462.jpg,no_person
img_00463.jpg,no_person
img_00464.jpg,no_person
img_00465.jpg,no_person
img_00466.jpg,no_person
img_00467.jpg,no_person
img_00468.jpg,no_person
img_00469.jpg,no_person
img_00470.jpg,no_person
img_00471.jpg,no_person
img_00472.jpg,no_person
img_00473.jpg,no_person
img_00474.jpg,no_person
img_00475.jpg,no_person
img_00476.jpg,no_person
img_00477.jpg,no_person
img_00478.jpg,no_person
img_00479.jpg,no_person
img_00480.jpg,no_person
img_00481.jpg,no_person
img_00482.jpg,no_person
img_00483.jpg,no_person
img_00484.jpg,no_person
img_00485.jpg,no_person
img_00486.jpg,no_person
img_00487.jpg,no_person
img_00488.jpg,no_person
img_00489.jpg,no_person
img_00490.jpg,no_person
img_00491.jpg,no_person
img_00492.jpg,no_person
img_00493.jpg,no_person
img_00494.jpg,no_person
img_00495.jpg,no_person
img_00496.jpg,no_person
img_00497.jpg,no_person
img_00498.jpg,no_person
img_00499.jpg,no_person
img_00500.jpg,no_person
img_00501.jpg,no_person
img_00502.jpg,no_person
img_00503.jpg,no_person
img_00504.jpg,no_person
img_00505.jpg,no_person
img_00506.jpg,no_person
img_00507.jpg,no_person
img_00508.jpg,no_person
img_00509.jpg,no_person
img_00510.jpg,no_person
img_00511.jpg,no_person
img_00512.jpg,no_person
img_00513.jpg,no_person
img_00514.jpg,no_person
img_00515.jpg,no_person
img_00516.jpg,no_person
img_00517.jpg,no_person
img_00518.jpg,no_person
img_00519.jpg,no_person
img_00520.jpg,no_person
img_00521.jpg,no_person
img_00522.jpg,no_person
img_00523.jpg,no_person
img_00524.jpg,no_person
img_00525.jpg,no_person
img_00526.jpg,no_person
img_00527.jpg,no_person
img_00528.jpg,no_person
img_00529.jpg,no_person
img_00530.jpg,no_person
img_00531.jpg,no_person
img_00532.jpg,no_person
img_00533.jpg,no_person
img_00534.jpg,no_person
img_00535.jpg,no_person
img_00536.jpg,no_person
img_00537.jpg,no_person
img_00538.jpg,no_person
img_00539.jpg,no_person
img_00540.jpg,no_person
img_00541.jpg,no_person
img_00542.jpg,no_person
img_00543.jpg,no_person
img_00544.jpg,no_person
img_00545.jpg,no_person
img_00546.jpg,no_person
img_00547.jpg,no_person
img_00548.jpg,no_person
img_00549.jpg,no_person
img_00550.jpg,no_person
img_00551.jpg,no_person
img_00552.jpg,no_person
img_00553.jpg,no_person
img_00554.jpg,no_person
img_00555.jpg,no_person
img_00556.jpg,no_person
img_00557.jpg,no_person
img_00558.jpg,no_person
img_00559.jpg,no_person
img_00560.jpg,no_person
img_00561.jpg,no_person
img_00562.jpg,no_person
img_00563.jpg,no_person
img_00564.jpg,no_person
img_00565.jpg,no_person
img_00566.jpg,no_person
img_00567.jpg,no_person
img_00568.jpg,no_person
img_00569.jpg,no_person
img_00570.jpg,no_person
img_00571.jpg,no_person
img_00572.jpg,no_person
img_00573.jpg,no_person
img_00574.jpg,no_person
img_00575.jpg,no_person
img_00576.jpg,no_person
img_00577.jpg,no_person
img_00578.jpg,no_person
img_00579.jpg,no_person
img_00580.jpg,no_person
img_00581.jpg,no_person
img_00582.jpg,no_person
img_00583.jpg,no_person
img_00584.jpg,no_person
img_00585.jpg,no_person
img_00586.jpg,no_person
img_00587.jpg,no_person
img_00588.jpg,no_person
img_00589.jpg,no_person
img_00590.jpg,no_person
img_00591.jpg,no_person
img_00592.jpg,no_person
img_00593.jpg,no_person
img_00594.jpg,no_person
img_00595.jpg,no_person
img_00596.jpg,no_person
img_00597.jpg,no_person
img_00598.jpg,no_person
img_00599.jpg,no_person
img_00600.jpg,no_person
img_00601.jpg,no_person
img_00602.jpg,no_person
img_00603.jpg,no_person
img_00604.jpg,no_person
img_00605.jpg,no_person
img_00606.jpg,no_person
img_00607.jpg,no_person
img_00608.jpg,no_person
img_00609.jpg,no_person
img_00610.jpg,no_person
img_00611.jpg,no_person
img_00612.jpg,no_person
img_00613.jpg,no_person
img_00614.jpg,no_person
img_00615.jpg,no_person
img_00616.jpg,no_person
img_00617.jpg,no_person
img_00618.jpg,no_person
img_00619.jpg,no_person
img_00620.jpg,no_person
img_00621.jpg,no_person
img_00622.jpg,no_person
img_00623.jpg,no_person
img_00624.jpg,no_person
img_00625.jpg,no_person
img_00626.jpg,no_person
img_00627.jpg,no_person
img_00628.jpg,no_person
img_00629.jpg,no_person
img_00630.jpg,no_person
img_00631.jpg,no_person
img_00632.jpg,no_person
img_00633.jpg,no_person
img_00634.jpg,no_person
img_00635.jpg,no_person
img_00636.jpg,no_person
img_00637.jpg,no_person
img_00638.jpg,no_person
img_00639.jpg,no_person
img_00640.jpg,no_person
img_00641.jpg,no_person
img_00642.jpg,no_person
img_00643.jpg,no_person
img_00644.jpg,no_person
img_00645.jpg,no_person
img_00646.jpg,no_person
img_00647.jpg,no_person
img_00648.jpg,no_person
img_00649.jpg,no_person
img_00650.jpg,no_person
img_00651.jpg,no_person
img_00652.jpg,no_person
img_00653.jpg,no_person
img_00654.jpg,no_person
img_00655.jpg,no_person
img_00656.jpg,no_person
img_00657.jpg,no_person
img_00658.jpg,no_person
img_00659.jpg,no_person
img_00660.jpg,no_person
img_00661.jpg,no_person
img_00662.jpg,no_person
img_00663.jpg,no_person
img_00664.jpg,no_person
img_00665.jpg,no_person
img_00666.jpg,no_person
img_00667.jpg,no_person
img_00668.jpg,no_person
img_00669.jpg,no_person
img_00670.jpg,no_person
img_00671.jpg,no_person
img_00672.jpg,no_person
img_00673.jpg,no_person
img_00674.jpg,no_person
img_00675.jpg,no_person
img_00676.jpg,no_person
img_00677.jpg,no_person
img_00678.jpg,no_person
img_00679.jpg,no_person
img_00680.jpg,no_person
img_00681.jpg,no_person
img_00682.jpg,no_person
img_00683.jpg,no_person
img_00684.jpg,no_person
img_00685.jpg,no_person
img_00686.jpg,no_person
img_00687.jpg,no_person
img_00688.jpg,no_person
img_00689.jpg,no_person
img_00690.jpg,no_person
img_00691.jpg,no_person
img_00692.jpg,no_person
img_00693.jpg,no_person
img_00694.jpg,no_person
img_00695.jpg,no_person
img_00696.jpg,no_person
img_00697.jpg,no_person
img_00698.jpg,no_person
img_00699.jpg,no_person
img_00700.jpg,no_person
img_00701.jpg,no_person
img_00702.jpg,no_person
img_00703.jpg,no_person
img_00704.jpg,no_person
img_00705.jpg,no_person
img_00706.jpg,no_person
img_00707.jpg,no_person
img_00708.jpg,no_person
img_00709.jpg,no_person
img_00710.jpg,no_person
img_00711.jpg,no_person
img_00712.jpg,no_person
img_00713.jpg,no_person
img_00714.jpg,no_person
img_00715.jpg,no_person
img_00716.jpg,no_person
img_00717.jpg,no_person
img_00718.jpg,no_person
img_00719.jpg,no_person
img_00720.jpg,no_person
img_00721.jpg,no_person
img_00722.jpg,no_person
img_00723.jpg,no_person
img_00724.jpg,no_person
img_00725.jpg,no_person
img_00726.jpg,no_person
img_00727.jpg,no_person
img_00728.jpg,no_person
img_00729.jpg,no_person
img_00730.jpg,no_person
img_00731.jpg,no_person
img_00732.jpg,no_person
img_00733.jpg,no_person
img_00734.jpg,no_person
img_00735.jpg,no_person
img_00736.jpg,no_person
img_00737.jpg,no_person
img_00738.jpg,no_person
img_00739.jpg,no_person
img_00740.jpg,no_person
img_00741.jpg,no_person
img_00742.jpg,no_person
img_00743.jpg,no_person
img_00744.jpg,no_person
img_00745.jpg,no_person
img_00746.jpg,no_person
img_00747.jpg,no_person
img_00748.jpg,no_person
img_00749.jpg,no_person
img_00750.jpg,no_person
img_00751.jpg,no_person
img_00752.jpg,no_person
img_00753.jpg,no_person
img_00754.jpg,no_person
img_00755.jpg,no_person
img_00756.jpg,no_person
img_00757.jpg,no_person
img_00758.jpg,no_person
img_00759.jpg,no_person
img_00760.jpg,no_person
img_00761.jpg,no_person
img_00762.jpg,no_person
img_00763.jpg,no_person
img_00764.jpg,no_person
img_00765.jpg,no_person
img_00766.jpg,no_person
img_00767.jpg,no_person
img_00768.jpg,no_person
img_00769.jpg,no_person
img_00770.jpg,no_person
img_00771.jpg,no_person
img_00772.jpg,no_person
img_00773.jpg,no_person
img_00774.jpg,no_person
img_00775.jpg,no_person
img_00776.jpg,no_person
img_00777.jpg,no_person
img_00778.jpg,no_person
img_00779.jpg,no_person
img_00780.jpg,no_person
img_00781.jpg,no_person
img_00782.jpg,no_person
img_00783.jpg,no_person
img_00784.jpg,no_person
img_00785.jpg,no_person
img_00786.jpg,no_person
img_00787.jpg,no_person
img_00788.jpg,no_person
img_00789.jpg,no_person
img_00790.jpg,no_person
img_00791.jpg,no_person
img_00792.jpg,no_person
img_00793.jpg,no_person
img_00794.jpg,no_person
img_00795.jpg,no_person
img_00796.jpg,no_person
img_00797.jpg,no_person
img_00798.jpg,no_person
img_00799.jpg,no_person
img_00800.jpg,no_person
img_00801.jpg,no_person
img_00802.jpg,no_person
img_00803.jpg,no_person
img_00804.jpg,no_person
img_00805.jpg,no_person
img_00806.jpg,no_person
img_00807.jpg,no_person
img_00808.jpg,no_person
img_00809.jpg,no_person
img_00810.jpg,no_person
img_00811.jpg,no_person
img_00812.jpg,no_person
img_00813.jpg,no_person
img_00814.jpg,no_person
img_00815.jpg,no_person
img_00816.jpg,no_person
img_00817.jpg,no_person
img_00818.jpg,no_person
img_00819.jpg,no_person
img_00820.jpg,no_person
img_00821.jpg,no_person
img_00822.jpg,no_person
img_00823.jpg,no_person
img_00824.jpg,no_person
img_00825.jpg,no_person
img_00826.jpg,no_person
img_00827.jpg,no_person
img_00828.jpg,no_person
img_00829.jpg,no_person
img_00830.jpg,no_person
img_00831.jpg,no_person
img_00832.jpg,no_person
img_00833.jpg,no_person
img_00834.jpg,no_person
img_00835.jpg,no_person
img_00836.jpg,no_person
img_00837.jpg,no_person
img_00838.jpg,no_person
img_00839.jpg,no_person
img_00840.jpg,no_person
img_00841.jpg,no_person
img_00842.jpg,no_person
img_00843.jpg,no_person
img_00844.jpg,no_person
img_00845.jpg,no_person
img_00846.jpg,no_person
img_00847.jpg,no_person
img_00848.jpg,no_person
img_00849.jpg,no_person
img_00850.jpg,no_person
img_00851.jpg,no_person
img_00852.jpg,no_person
img_00853.jpg,no_person
img_00854.jpg,no_person
img_00855.jpg,no_person
img_00856.jpg,no_person
img_00857.jpg,no_person
img_00858.jpg,no_person
img_00859.jpg,no_person
img_00860.jpg,no_person
img_00861.jpg,no_person
img_00862.jpg,no_person
img_00863.jpg,no_person
img_00864.jpg,no_person
img_00865.jpg,no_person
img_00866.jpg,no_person
img_00867.jpg,no_person
img_00868.jpg,no_person
img_00869.jpg,no_person
img_00870.jpg,no_person
img_00871.jpg,no_person
img_00872.jpg,no_person
img_00873.jpg,no_person
img_00874.jpg,no_person
img_00875.jpg,no_person
img_00876.jpg,no_person
img_00877.jpg,no_person
img_00878.jpg,no_person
img_00879.jpg,no_person
img_00880.jpg,no_person
img_00881.jpg,no_person
img_00882.jpg,no_person
img_00883.jpg,no_person
img_00884.jpg,no_person
img_00885.jpg,no_person
img_00886.jpg,no_person
img_00887.jpg,no_person
img_00888.jpg,no_person
img_00889.jpg,no_person
img_00890.jpg,no_person
img_00891.jpg,no_person
img_00892.jpg,no_person
img_00893.jpg,no_person
img_00894.jpg,no_person
img_00895.jpg,no_person
img_00896.jpg,no_person
img_00897.jpg,no_person
img_00898.jpg,no_person
img_00899.jpg,no_person
img_00900.jpg,no_person
img_00901.jpg,no_person
img_00902.jpg,no_person
img_00903.jpg,no_person
img_00904.jpg,no_person
img_00905.jpg,no_person
img_00906.jpg,no_person
img_00907.jpg,no_person
img_00908.jpg,no_person
img_00909.jpg,no_person
img_00910.jpg,no_person
img_00911.jpg,no_person
img_00912.jpg,no_person
img_00913.jpg,no_person
img_00914.jpg,no_person
img_00915.jpg,no_person
img_00916.jpg,no_person
img_00917.jpg,no_person
img_00918.jpg,no_person
img_00919.jpg,no_person
img_00920.jpg,no_person
img_00921.jpg,no_person
img_00922.jpg,no_person
img_00923.jpg,no_person
img_00924.jpg,no_person
img_00925.jpg,no_person
img_00926.jpg,no_person
img_00927.jpg,no_person
img_00928.jpg,no_person
img_00929.jpg,no_person
img_00930.jpg,no_person
img_00931.jpg,no_person
img_00932.jpg,no_person
img_00933.jpg,no_person
img_00934.jpg,no_person
img_00935.jpg,no_person
img_00936.jpg,no_person
img_00937.jpg,no_person
img_00938.jpg,no_person
img_00939.jpg,no_person
img_00940.jpg,no_person
img_00941.jpg,no_person
img_00942.jpg,no_person
img_00943.jpg,no_person
img_00944.jpg,no_person
img_00945.jpg,no_person
img_00946.jpg,no_person
img_00947.jpg,no_person
img_00948.jpg,no_person
img_00949.jpg,no_person
img_00950.jpg,no_person
img_00951.jpg,no_person
img_00952.jpg,no_person
img_00953.jpg,no_person
img_00954.jpg,no_person
img_00955.jpg,no_person
img_00956.jpg,no_person
img_00957.jpg,no_person
img_00958.jpg,no_person
img_00959.jpg,no_person
img_00960.jpg,no_person
img_00961.jpg,no_person
img_00962.jpg,no_person
img_00963.jpg,no_person
img_00964.jpg,no_person
img_00965.jpg,no_person
img_00966.jpg,no_person
img_00967.jpg,no_person
img_00968.jpg,no_person
img_00969.jpg,no_person
img_00970.jpg,no_person
img_00971.jpg,no_person
img_00972.jpg,no_person
img_00973.jpg,no_person
img_00974.jpg,no_person
img_00975.jpg,no_person
img_00976.jpg,no_person
img_00977.jpg,no_person
img_00978.jpg,no_person
img_00979.jpg,no_person
img_00980.jpg,no_person
img_00981.jpg,no_person
img_00982.jpg,no_person
img_00983.jpg,no_person
img_00984.jpg,no_person
img_00985.jpg,no_person
img_00986.jpg,no_person
img_00987.jpg,no_person
img_00988.jpg,no_person
img_00989.jpg,no_person
img_00990.jpg,no_person
img_00991.jpg,no_person
img_00992.jpg,no_person
img_00993.jpg,no_person
img_00994.jpg,no_person
img_00995.jpg,no_person
img_00996.jpg,no_person
img_00997.jpg,no_person
img_00998.jpg,no_person
img_00999.jpg,no_person
img_01000.jpg,no_person
img_01001.jpg,no_person
img_01002.jpg,no_person
img_01003.jpg,no_person
img_01004.jpg,no_person
img_01005.jpg,no_person
img_01006.jpg,no_person
img_01007.jpg,no_person
img_01008.jpg,no_person
img_01009.jpg,no_person
img_01010.jpg,no_person
img_01011.jpg,no_person
img_01012.jpg,no_person
img_01013.jpg,no_person
img_01014.jpg,no_person
img_01015.jpg,no_person
img_01016.jpg,no_person
img_01017.jpg,no_person
img_01018.jpg,no_person
img_01019.jpg,no_person
img_01020.jpg,no_person
img_01021.jpg,no_person
img_01022.jpg,no_person
img_01023.jpg,no_person
img_01024.jpg,no_person
img_01025.jpg,no_person
img_01026.jpg,no_person
img_01027.jpg,no_person
img_01028.jpg,no_person
img_01029.jpg,no_person
img_01030.jpg,no_person
img_01031.jpg,no_person
img_01032.jpg,no_person
img_01033.jpg,no_person
img_01034.jpg,no_person
img_01035.jpg,no_person
img_01036.jpg,no_person
img_01037.jpg,no_person
img_01038.jpg,no_person
img_01039.jpg,no_person
img_01040.jpg,no_person
img_01041.jpg,no_person
img_01042.jpg,no_person
img_01043.jpg,no_person
img_01044.jpg,no_person
img_01045.jpg,no_person
img_01046.jpg,no_person
img_01047.jpg,no_person
img_01048.jpg,no_person
img_01049.jpg,no_person
img_01050.jpg,no_person
img_01051.jpg,no_person
img_01052.jpg,no_person
img_01053.jpg,no_person
img_01054.jpg,no_person
img_01055.jpg,no_person
img_01056.jpg,no_person
img_01057.jpg,no_person
img_01058.jpg,no_person
img_01059.jpg,no_person
img_01060.jpg,no_person
img_01061.jpg,no_person
img_01062.jpg,no_person
img_01063.jpg,no_person
img_01064.jpg,no_person
img_01065.jpg,no_person
img_01066.jpg,no_person
img_01067.jpg,no_person
img_01068.jpg,no_person
img_01069.jpg,no_person
img_01070.jpg,no_person
img_01071.jpg,no_person
img_01072.jpg,no_person
img_01073.jpg,no_person
img_01074.jpg,no_person
img_01075.jpg,no_person
img_01076.jpg,no_person
img_01077.jpg,no_person
img_01078.jpg,no_person
img_01079.jpg,no_person
img_01080.jpg,no_person
img_01081.jpg,no_person
img_01082.jpg,no_person
img_01083.jpg,no_person
img_01084.jpg,no_person
img_01085.jpg,no_person
img_01086.jpg,no_person
img_01087.jpg,no_person
img_01088.jpg,no_person
img_01089.jpg,no_person
img_01090.jpg,no_person
img_01091.jpg,no_person
img_01092.jpg,no_person
img_01093.jpg,no_person
img_01094.jpg,no_person
img_01095.jpg,no_person
img_01096.jpg,no_person
img_01097.jpg,no_person
img_01098.jpg,no_person
img_01099.jpg,no_person
img_01100.jpg,no_person
img_01101.jpg,no_person
img_01102.jpg,no_person
img_01103.jpg,no_person
img_01104.jpg,no_person
img_01105.jpg,no_person
img_01106.jpg,no_person
img_01107.jpg,no_person
img_01108.jpg,no_person
img_01109.jpg,no_person
img_01110.jpg,no_person
img_01111.jpg,no_person
img_01112.jpg,no_person
img_01113.jpg,no_person
img_01114.jpg,no_person
img_01115.jpg,no_person
img_01116.jpg,no_person
img_01117.jpg,no_person
img_01118.jpg,no_person
img_01119.jpg,no_person
img_01120.jpg,no_person
img_01121.jpg,no_person
img_01122.jpg,no_person
img_01123.jpg,no_person
img_01124.jpg,no_person
img_01125.jpg,no_person
img_01126.jpg,no_person
img_01127.jpg,no_person
img_01128.jpg,no_person
img_01129.jpg,no_person
img_01130.jpg,no_person
img_01131.jpg,no_person
img_01132.jpg,no_person
img_01133.jpg,no_person
img_01134.jpg,no_person
img_01135.jpg,no_person
img_01136.jpg,no_person
img_01137.jpg,no_person
img_01138.jpg,no_person
img_01139.jpg,no_person
img_01140.jpg,no_person
img_01141.jpg,no_person
img_01142.jpg,no_person
img_01143.jpg,no_person
img_01144.jpg,no_person
img_01145.jpg,no_person
img_01146.jpg,no_person
img_01147.jpg,no_person
img_01148.jpg,no_person
img_01149.jpg,no_person
img_01150.jpg,no_person
img_01151.jpg,no_person
img_01152.jpg,no_person
img_01153.jpg,no_person
img_01154.jpg,no_person
img_01155.jpg,no_person
img_01156.jpg,no_person
img_01157.jpg,no_person
img_01158.jpg,no_person
img_01159.jpg,no_person
img_01160.jpg,no_person
img_01161.jpg,no_person
img_01162.jpg,no_person
img_01163.jpg,no_person
img_01164.jpg,no_person
img_01165.jpg,no_person
img_01166.jpg,no_person
img_01167.jpg,no_person
img_01168.jpg,no_person
img_01169.jpg,no_person
img_01170.jpg,no_person
img_01171.jpg,no_person
img_01172.jpg,no_person
img_01173.jpg,no_person
img_01174.jpg,no_person
img_01175.jpg,no_person
img_01176.jpg,no_person
img_01177.jpg,no_person
img_01178.jpg,no_person
img_01179.jpg,no_person
img_01180.jpg,no_person
img_01181.jpg,no_person
img_01182.jpg,no_person
img_01183.jpg,no_person
img_01184.jpg,no_person
img_01185.jpg,no_person
img_01186.jpg,no_person
img_01187.jpg,no_person
img_01188.jpg,no_person
img_01189.jpg,no_person
img_01190.jpg,no_person
img_01191.jpg,no_person
img_01192.jpg,no_person
img_01193.jpg,no_person
img_01194.jpg,no_person
img_01195.jpg,no_person
img_01196.jpg,no_person
img_01197.jpg,no_person
img_01198.jpg,no_person
img_01199.jpg,no_person
img_01200.jpg,no_person
img_01201.jpg,no_person
img_01202.jpg,no_person
img_01203.jpg,no_person
img_01204.jpg,no_person
img_01205.jpg,no_person
img_01206.jpg,no_person
img_01207.jpg,no_person
img_01208.jpg,no_person
img_01209.jpg,no_person
img_01210.jpg,no_person
img_01211.jpg,no_person
img_01212.jpg,no_person
img_01213.jpg,no_person
img_01214.jpg,no_person
img_01215.jpg,no_person
img_01216.jpg,no_person
img_01217.jpg,no_person
img_01218.jpg,no_person
img_01219.jpg,no_person
img_01220.jpg,no_person
img_01221.jpg,no_person
img_01222.jpg,no_person
img_01223.jpg,no_person
img_01224.jpg,no_person
img_01225.jpg,no_person
img_01226.jpg,no_person
img_01227.jpg,no_person
img_01228.jpg,no_person
img_01229.jpg,no_person
img_01230.jpg,no_person
img_01231.jpg,no_person
img_01232.jpg,no_person
img_01233.jpg,no_person
img_01234.jpg,no_person
img_01235.jpg,no_person
img_01236.jpg,no_person
img_01237.jpg,no_person
img_01238.jpg,no_person
img_01239.jpg,no_person
img_01240.jpg,no_person
img_01241.jpg,no_person
img_01242.jpg,no_person
img_01243.jpg,no_person
img_01244.jpg,no_person
img_01245.jpg,no_person
img_01246.jpg,no_person
img_01247.jpg,no_person
img_01248.jpg,no_person
img_01249.jpg,no_person
img_01250.jpg,no_person
img_01251.jpg,no_person
img_01252.jpg,no_person
img_01253.jpg,no_person
img_01254.jpg,no_person
img_01255.jpg,no_person
img_01256.jpg,no_person
img_01257.jpg,no_person
img_01258.jpg,no_person
img_01259.jpg,no_person
img_01260.jpg,no_person
img_01261.jpg,no_person
img_01262.jpg,no_person
img_01263.jpg,no_person
img_01264.jpg,no_person
img_01265.jpg,no_person
img_01266.jpg,no_person
img_01267.jpg,no_person
img_01268.jpg,no_person
img_01269.jpg,no_person
img_01270.jpg,no_person
img_01271.jpg,no_person
img_01272.jpg,no_person
img_01273.jpg,no_person
img_01274.jpg,no_person
img_01275.jpg,no_person
img_01276.jpg,no_person
img_01277.jpg,no_person
img_01278.jpg,no_person
img_01279.jpg,no_person
img_01280.jpg,no_person
img_01281.jpg,no_person
img_01282.jpg,no_person
img_01283.jpg,no_person
img_01284.jpg,no_person
img_01285.jpg,no_person
img_01286.jpg,no_person
img_01287.jpg,no_person
img_01288.jpg,no_person
img_01289.jpg,no_person
img_01290.jpg,no_person
img_01291.jpg,no_person
img_01292.jpg,no_person
img_01293.jpg,no_person
img_01294.jpg,no_person
img_01295.jpg,no_person
img_01296.jpg,no_person
img_01297.jpg,no_person
img_01298.jpg,no_person
img_01299.jpg,no_person
img_01300.jpg,no_person
img_01301.jpg,no_person
img_01302.jpg,no_person
img_01303.jpg,no_person
img_01304.jpg,no_person
img_01305.jpg,no_person
img_01306.jpg,no_person
img_01307.jpg,no_person
img_01308.jpg,no_person
img_01309.jpg,no_person
img_01310.jpg,no_person
img_01311.jpg,no_person
img_01312.jpg,no_person
img_01313.jpg,no_person
img_01314.jpg,no_person
img_01315.jpg,no_person
img_01316.jpg,no_person
img_01317.jpg,no_person
img_01318.jpg,no_person
img_01319.jpg,no_person
img_01320.jpg,no_person
img_01321.jpg,no_person
img_01322.jpg,no_person
img_01323.jpg,no_person
img_01324.jpg,no_person
img_01325.jpg,no_person
img_01326.jpg,no_person
img_01327.jpg,no_person
img_01328.jpg,no_person
img_01329.jpg,no_person
img_01330.jpg,no_person
img_01331.jpg,no_person
img_01332.jpg,no_person
img_01333.jpg,no_person
img_01334.jpg,no_person
img_01335.jpg,no_person
img_01336.jpg,no_person
img_01337.jpg,no_person
img_01338.jpg,no_person
img_01339.jpg,no_person
img_01340.jpg,no_person
img_01341.jpg,no_person
img_01342.jpg,no_person
img_01343.jpg,no_person
img_01344.jpg,no_person
img_01345.jpg,no_person
img_01346.jpg,no_person
img_01347.jpg,no_person
img_01348.jpg,no_person
img_01349.jpg,no_person
img_01350.jpg,no_person
img_01351.jpg,no_person
img_01352.jpg,no_person
img_01353.jpg,no_person
img_01354.jpg,no_person
img_01355.jpg,no_person
img_01356.jpg,no_person
img_01357.jpg,no_person
img_01358.jpg,no_person
img_01359.jpg,no_person
img_01360.jpg,no_person
img_01361.jpg,no_person
img_01362.jpg,no_person
img_01363.jpg,no_person
img_01364.jpg,no_person
img_01365.jpg,no_person
img_01366.jpg,no_person
img_01367.jpg,no_person
img_01368.jpg,no_person
img_01369.jpg,no_person
img_01370.jpg,no_person
img_01371.jpg,no_person
img_01372.jpg,no_person
img_01373.jpg,no_person
img_01374.jpg,no_person
img_01375.jpg,no_person
img_01376.jpg,no_person
img_01377.jpg,no_person
img_01378.jpg,no_person
img_01379.jpg,no_person
img_01380.jpg,no_person
img_01381.jpg,no_person
img_01382.jpg,no_person
img_01383.jpg,no_person
img_01384.jpg,no_person
img_01385.jpg,no_person
img_01386.jpg,no_person
img_01387.jpg,no_person
img_01388.jpg,no_person
img_01389.jpg,no_person
img_01390.jpg,no_person
img_01391.jpg,no_person
img_01392.jpg,no_person
img_01393.jpg,no_person
img_01394.jpg,no_person
img_01395.jpg,no_person
img_01396.jpg,no_person
img_01397.jpg,no_person
img_01398.jpg,no_person
img_01399.jpg,no_person
img_01400.jpg,no_person
img_01401.jpg,no_person
img_01402.jpg,no_person
img_01403.jpg,no_person
img_01404.jpg,no_person
img_01405.jpg,no_person
img_01406.jpg,no_person
img_01407.jpg,no_person
img_01408.jpg,no_person
img_01409.jpg,no_person
img_01410.jpg,no_person
img_01411.jpg,no_person
img_01412.jpg,no_person
img_01413.jpg,no_person
img_01414.jpg,no_person
img_01415.jpg,no_person
img_01416.jpg,no_person
img_01417.jpg,no_person
img_01418.jpg,no_person
img_01419.jpg,no_person
img_01420.jpg,no_person
img_01421.jpg,no_person
img_01422.jpg,no_person
img_01423.jpg,no_person
img_01424.jpg,no_person
img_01425.jpg,no_person
img_01426.jpg,no_person
img_01427.jpg,no_person
img_01428.jpg,no_person
img_01429.jpg,no_person
img_01430.jpg,no_person
img_01431.jpg,no_person
img_01432.jpg,no_person
img_01433.jpg,no_person
img_01434.jpg,no_person
img_01435.jpg,no_person
img_01436.jpg,no_person
img_01437.jpg,no_person
img_01438.jpg,no_person
img_01439.jpg,no_person
img_01440.jpg,no_person
img_01441.jpg,no_person
img_01442.jpg,no_person
img_01443.jpg,no_person
img_01444.jpg,no_person
img_01445.jpg,no_person
img_01446.jpg,no_person
img_01447.jpg,no_person
img_01448.jpg,no_person
img_01449.jpg,no_person
img_01450.jpg,no_person
img_01451.jpg,no_person
img_01452.jpg,no_person
img_01453.jpg,no_person
img_01454.jpg,no_person
img_01455.jpg,no_person
img_01456.jpg,no_person
img_01457.jpg,no_person
img_01458.jpg,no_person
img_01459.jpg,no_person
img_01460.jpg,no_person
img_01461.jpg,no_person
img_01462.jpg,no_person
img_01463.jpg,no_person
img_01464.jpg,no_person
img_01465.jpg,no_person
img_01466.jpg,no_person
img_01467.jpg,no_person
img_01468.jpg,no_person
img_01469.jpg,no_person
img_01470.jpg,no_person
img_01471.jpg,no_person
img_01472.jpg,no_person
img_01473.jpg,no_person
img_01474.jpg,no_person
img_01475.jpg,no_person
img_01476.jpg,no_person
img_01477.jpg,no_person
img_01478.jpg,no_person
img_01479.jpg,no_person
img_01480.jpg,no_person
img_01481.jpg,no_person
img_01482.jpg,no_person
img_01483.jpg,no_person
img_01484.jpg,no_person
img_01485.jpg,no_person
img_01486.jpg,no_person
img_01487.jpg,no_person
img_01488.jpg,no_person
img_01489.jpg,no_person
img_01490.jpg,no_person
img_01491.jpg,no_person
img_01492.jpg,no_person
img_01493.jpg,no_person
img_01494.jpg,no_person
img_01495.jpg,no_person
img_01496.jpg,no_person
img_01497.jpg,no_person
img_01498.jpg,no_person
img_01499.jpg,no_person
img_01500.jpg,no_person
img_01501.jpg,no_person
img_01502.jpg,no_person
img_01503.jpg,no_person
img_01504.jpg,no_person
img_01505.jpg,no_person
img_01506.jpg,no_person
img_01507.jpg,no_person
img_01508.jpg,no_person
img_01509.jpg,no_person
img_01510.jpg,no_person
img_01511.jpg,no_person
img_01512.jpg,no_person
img_01513.jpg,no_person
img_01514.jpg,no_person
img_01515.jpg,no_person
img_01516.jpg,no_person
img_01517.jpg,no_person
img_01518.jpg,no_person
img_01519.jpg,no_person
img_01520.jpg,no_person
img_01521.jpg,no_person
img_01522.jpg,no_person
img_01523.jpg,no_person
img_01524.jpg,no_person
img_01525.jpg,no_person
img_01526.jpg,no_person
img_01527.jpg,no_person
img_01528.jpg,no_person
img_01529.jpg,no_person
img_01530.jpg,no_person
img_01531.jpg,no_person
img_01532.jpg,no_person
img_01533.jpg,no_person
img_01534.jpg,no_person
img_01535.jpg,no_person
img_01536.jpg,no_person
img_01537.jpg,no_person
img_01538.jpg,no_person
img_01539.jpg,no_person
img_01540.jpg,no_person
img_01541.jpg,no_person
img_01542.jpg,no_person
img_01543.jpg,no_person
img_01544.jpg,no_person
img_01545.jpg,no_person
img_01546.jpg,no_person
img_01547.jpg,no_person
img_01548.jpg,no_person
img_01549.jpg,no_person
img_01550.jpg,no_person
img_01551.jpg,no_person
img_01552.jpg,no_person
img_01553.jpg,no_person
img_01554.jpg,no_person
img_01555.jpg,no_person
img_01556.jpg,no_person
img_01557.jpg,no_person
img_01558.jpg,no_person
img_01559.jpg,no_person
img_01560.jpg,no_person
img_01561.jpg,no_person
img_01562.jpg,no_person
img_01563.jpg,no_person
img_01564.jpg,no_person
img_01565.jpg,no_person
img_01566.jpg,no_person
img_01567.jpg,no_person
img_01568.jpg,no_person
img_01569.jpg,no_person
img_01570.jpg,no_person
img_01571.jpg,no_person
img_01572.jpg,no_person
img_01573.jpg,no_person
img_01574.jpg,no_person
img_01575.jpg,no_person
img_01576.jpg,no_person
img_01577.jpg,no_person
img_01578.jpg,no_person
img_01579.jpg,no_person
img_01580.jpg,no_person
img_01581.jpg,no_person
img_01582.jpg,no_person
img_01583.jpg,no_person
img_01584.jpg,no_person
img_01585.jpg,no_person
img_01586.jpg,no_person
img_01587.jpg,no_person
img_01588.jpg,no_person
img_01589.jpg,no_person
img_01590.jpg,no_person
img_01591.jpg,no_person
img_01592.jpg,no_person
img_01593.jpg,no_person
img_01594.jpg,no_person
img_01595.jpg,no_person
img_01596.jpg,no_person
img_01597.jpg,no_person
img_01598.jpg,no_person
img_01599.jpg,no_person
img_01600.jpg,no_person
img_01601.jpg,no_person
img_01602.jpg,no_person
img_01603.jpg,no_person
img_01604.jpg,no_person
img_01605.jpg,no_person
img_01606.jpg,no_person
img_01607.jpg,no_person
img_01608.jpg,no_person
img_01609.jpg,no_person
img_01610.jpg,no_person
img_01611.jpg,no_person
img_01612.jpg,no_person
img_01613.jpg,no_person
img_01614.jpg,no_person
img_01615.jpg,no_person
img_01616.jpg,no_person
img_01617.jpg,no_person
img_01618.jpg,no_person
img_01619.jpg,no_person
img_01620.jpg,no_person
img_01621.jpg,no_person
img_01622.jpg,no_person
img_01623.jpg,no_person
img_01624.jpg,no_person
img_01625.jpg,no_person
img_01626.jpg,no_person
img_01627.jpg,no_person
img_01628.jpg,no_person
img_01629.jpg,no_person
img_01630.jpg,no_person
img_01631.jpg,no_person
img_01632.jpg,no_person
img_01633.jpg,no_person
img_01634.jpg,no_person
img_01635.jpg,no_person
img_01636.jpg,no_person
img_01637.jpg,no_person
img_01638.jpg,no_person
img_01639.jpg,no_person
img_01640.jpg,no_person
img_01641.jpg,no_person
img_01642.jpg,no_person
img_01643.jpg,no_person
img_01644.jpg,no_person
img_01645.jpg,no_person
img_01646.jpg,no_person
img_01647.jpg,no_person
img_01648.jpg,no_person
img_01649.jpg,no_person
img_01650.jpg,no_person
img_01651.jpg,no_person
img_01652.jpg,no_person
img_01653.jpg,no_person
img_01654.jpg,no_person
img_01655.jpg,no_person
img_01656.jpg,no_person
img_01657.jpg,no_person
img_01658.jpg,no_person
img_01659.jpg,no_person
img_01660.jpg,no_person
img_01661.jpg,no_person
img_01662.jpg,no_person
img_01663.jpg,no_person
img_01664.jpg,no_person
img_01665.jpg,no_person
img_01666.jpg,no_person
img_01667.jpg,no_person
img_01668.jpg,no_person
img_01669.jpg,no_person
img_01670.jpg,no_person
img_01671.jpg,no_person
img_01672.jpg,no_person
img_01673.jpg,no_person
img_01674.jpg,no_person
img_01675.jpg,no_person
img_01676.jpg,no_person
img_01677.jpg,no_person
img_01678.jpg,no_person
img_01679.jpg,no_person
img_01680.jpg,no_person
img_01681.jpg,no_person
img_01682.jpg,no_person
img_01683.jpg,no_person
img_01684.jpg,no_person
img_01685.jpg,no_person
img_01686.jpg,no_person
img_01687.jpg,no_person
img_01688.jpg,no_person
img_01689.jpg,no_person
img_01690.jpg,no_person
img_01691.jpg,no_person
img_01692.jpg,no_person
img_01693.jpg,no_person
img_01694.jpg,no_person
img_01695.jpg,no_person
img_01696.jpg,no_person
img_01697.jpg,no_person
img_01698.jpg,no_person
img_01699.jpg,no_person
img_01700.jpg,no_person
img_01701.jpg,no_person
img_01702.jpg,no_person
img_01703.jpg,no_person
img_01704.jpg,no_person
img_01705.jpg,no_person
img_01706.jpg,no_person
img_01707.jpg,no_person
img_01708.jpg,no_person
img_01709.jpg,no_person
img_01710.jpg,no_person
img_01711.jpg,no_person
img_01712.jpg,no_person
img_01713.jpg,no_person
img_01714.jpg,no_person
img_01715.jpg,no_person
img_01716.jpg,no_person
img_01717.jpg,no_person
img_01718.jpg,no_person
img_01719.jpg,no_person
img_01720.jpg,no_person
img_01721.jpg,no_person
img_01722.jpg,no_person
img_01723.jpg,no_person
img_01724.jpg,no_person
img_01725.jpg,no_person
img_01726.jpg,no_person
img_01727.jpg,no_person
img_01728.jpg,no_person
img_01729.jpg,no_person
img_01730.jpg,no_person
img_01731.jpg,no_person
img_01732.jpg,no_person
img_01733.jpg,no_person
img_01734.jpg,no_person
img_01735.jpg,no_person
img_01736.jpg,no_person
img_01737.jpg,no_person
img_01738.jpg,no_person
img_01739.jpg,no_person
img_01740.jpg,no_person
img_01741.jpg,no_person
img_01742.jpg,no_person
img_01743.jpg,no_person
img_01744.jpg,no_person
img_01745.jpg,no_person
img_01746.jpg,no_person
img_01747.jpg,no_person
img_01748.jpg,no_person
img_01749.jpg,no_person
img_01750.jpg,no_person
img_01751.jpg,no_person
img_01752.jpg,no_person
img_01753.jpg,no_person
img_01754.jpg,no_person
img_01755.jpg,no_person
img_01756.jpg,no_person
img_01757.jpg,no_person
img_01758.jpg,no_person
img_01759.jpg,no_person
img_01760.jpg,no_person
img_01761.jpg,no_person
img_01762.jpg,no_person
img_01763.jpg,no_person
img_01764.jpg,no_person
img_01765.jpg,no_person
img_01766.jpg,no_person
img_01767.jpg,no_person
img_01768.jpg,no_person
img_01769.jpg,no_person
img_01770.jpg,no_person
img_01771.jpg,no_person
img_01772.jpg,no_person
img_01773.jpg,no_person
img_01774.jpg,no_person
img_01775.jpg,no_person
img_01776.jpg,no_person
img_01777.jpg,no_person
img_01778.jpg,no_person
img_01779.jpg,no_person
img_01780.jpg,no_person
img_01781.jpg,no_person
img_01782.jpg,no_person
img_01783.jpg,no_person
img_01784.jpg,no_person
img_01785.jpg,no_person
img_01786.jpg,no_person
img_01787.jpg,no_person
img_01788.jpg,no_person
img_01789.jpg,no_person
img_01790.jpg,no_person
img_01791.jpg,no_person
img_01792.jpg,no_person
img_01793.jpg,no_person
img_01794.jpg,no_person
img_01795.jpg,no_person
img_01796.jpg,no_person
img_01797.jpg,no_person
img_01798.jpg,no_person
img_01799.jpg,no_person
img_01800.jpg,no_person
img_01801.jpg,no_person
img_01802.jpg,no_person
img_01803.jpg,no_person
img_01804.jpg,no_person
img_01805.jpg,no_person
img_01806.jpg,no_person
img_01807.jpg,no_person
img_01808.jpg,no_person
img_01809.jpg,no_person
img_01810.jpg,no_person
img_01811.jpg,no_person
img_01812.jpg,no_person
img_01813.jpg,no_person
img_01814.jpg,no_person
img_01815.jpg,no_person
img_01816.jpg,no_person
img_01817.jpg,no_person
img_01818.jpg,no_person
img_01819.jpg,no_person
img_01820.jpg,no_person
img_01821.jpg,no_person
img_01822.jpg,no_person
img_01823.jpg,no_person
img_01824.jpg,no_person
img_01825.jpg,no_person
img_01826.jpg,no_person
img_01827.jpg,no_person
img_01828.jpg,no_person
img_01829.jpg,no_person
img_01830.jpg,no_person
img_01831.jpg,no_person
img_01832.jpg,no_person
img_01833.jpg,no_person
img_01834.jpg,no_person
img_01835.jpg,no_person
img_01836.jpg,no_person
img_01837.jpg,no_person
img_01838.jpg,no_person
img_01839.jpg,no_person
img_01840.jpg,no_person
img_01841.jpg,no_person
img_01842.jpg,no_person
img_01843.jpg,no_person
img_01844.jpg,no_person
img_01845.jpg,no_person
img_01846.jpg,no_person
img_01847.jpg,no_person
img_01848.jpg,no_person
img_01849.jpg,no_person
img_01850.jpg,no_person
img_01851.jpg,no_person
img_01852.jpg,no_person
img_01853.jpg,no_person
img_01854.jpg,no_person
img_01855.jpg,no_person
img_01856.jpg,no_person
img_01857.jpg,no_person
img_01858.jpg,no_person
img_01859.jpg,no_person
img_01860.jpg,no_person
img_01861.jpg,no_person
img_01862.jpg,no_person
img_01863.jpg,no_person
img_01864.jpg,no_person
img_01865.jpg,no_person
img_01866.jpg,no_person
img_01867.jpg,no_person
img_01868.jpg,no_person
img_01869.jpg,no_person
img_01870.jpg,no_person
img_01871.jpg,no_person
img_01872.jpg,no_person
img_01873.jpg,no_person
img_01874.jpg,no_person
img_01875.jpg,no_person
img_01876.jpg,no_person
img_01877.jpg,no_person
img_01878.jpg,no_person
img_01879.jpg,no_person
img_01880.jpg,no_person
img_01881.jpg,no_person
img_01882.jpg,no_person
img_01883.jpg,no_person
img_01884.jpg,no_person
img_01885.jpg,no_person
img_01886.jpg,no_person
img_01887.jpg,no_person
img_01888.jpg,no_person
img_01889.jpg,no_person
img_01890.jpg,no_person
img_01891.jpg,no_person
img_01892.jpg,no_person
img_01893.jpg,no_person
img_01894.jpg,no_person
img_01895.jpg,no_person
img_01896.jpg,no_person
img_01897.jpg,no_person
img_01898.jpg,no_person
img_01899.jpg,no_person
img_01900.jpg,no_person
img_01901.jpg,no_person
img_01902.jpg,no_person
img_01903.jpg,no_person
img_01904.jpg,no_person
img_01905.jpg,no_person
img_01906.jpg,no_person
img_01907.jpg,no_person
img_01908.jpg,no_person
img_01909.jpg,no_person
img_01910.jpg,no_person
img_01911.jpg,no_person
img_01912.jpg,no_person
img_01913.jpg,no_person
img_01914.jpg,no_person
img_01915.jpg,no_person
img_01916.jpg,no_person
img_01917.jpg,no_person
img_01918.jpg,no_person
img_01919.jpg,no_person
img_01920.jpg,no_person
img_01921.jpg,no_person
img_01922.jpg,no_person
img_01923.jpg,no_person
img_01924.jpg,no_person
img_01925.jpg,no_person
img_01926.jpg,no_person
img_01927.jpg,no_person
img_01928.jpg,no_person
img_01929.jpg,no_person
img_01930.jpg,no_person
img_01931.jpg,no_person
img_01932.jpg,no_person
img_01933.jpg,no_person
img_01934.jpg,no_person
img_01935.jpg,no_person
img_01936.jpg,no_person
img_01937.jpg,no_person
img_01938.jpg,no_person
img_01939.jpg,no_person
img_01940.jpg,no_person
img_01941.jpg,no_person
img_01942.jpg,no_person
img_01943.jpg,no_person
img_01944.jpg,no_person
img_01945.jpg,no_person
img_01946.jpg,no_person
img_01947.jpg,no_person
img_01948.jpg,no_person
img_01949.jpg,no_person
img_01950.jpg,no_person
img_01951.jpg,no_person
img_01952.jpg,no_person
img_01953.jpg,no_person
img_01954.jpg,no_person
img_01955.jpg,no_person
img_01956.jpg,no_person
img_01957.jpg,no_person
img_01958.jpg,no_person
img_01959.jpg,no_person
img_01960.jpg,no_person
img_01961.jpg,no_person
img_01962.jpg,no_person
img_01963.jpg,no_person
img_01964.jpg,no_person
img_01965.jpg,no_person
img_01966.jpg,no_person
img_01967.jpg,no_person
img_01968.jpg,no_person
img_01969.jpg,no_person
img_01970.jpg,no_person
img_01971.jpg,no_person
img_01972.jpg,no_person
img_01973.jpg,no_person
img_01974.jpg,no_person
img_01975.jpg,no_person
img_01976.jpg,no_person
img_01977.jpg,no_person
img_01978.jpg,no_person
img_01979.jpg,no_person
img_01980.jpg,no_person
img_01981.jpg,no_person
img_01982.jpg,no_person
img_01983.jpg,no_person
img_01984.jpg,no_person
img_01985.jpg,no_person
img_01986.jpg,no_person
img_01987.jpg,no_person
img_01988.jpg,no_person
img_01989.jpg,no_person
img_01990.jpg,no_person
img_01991.jpg,no_person
img_01992.jpg,no_person
img_01993.jpg,no_person
img_01994.jpg,no_person
img_01995.jpg,no_person
img_01996.jpg,no_person
img_01997.jpg,no_person
img_01998.jpg,no_person
img_01999.jpg,no_person
img_02000.jpg,no_person
img_02001.jpg,no_person
img_02002.jpg,no_person
img_02003.jpg,no_person
img_02004.jpg,no_person
img_02005.jpg,no_person
img_02006.jpg,no_person
img_02007.jpg,no_person
img_02008.jpg,no_person
img_02009.jpg,no_person
img_02010.jpg,no_person
img_02011.jpg,no_person
img_02012.jpg,no_person
img_02013.jpg,no_person
img_02014.jpg,no_person
img_02015.jpg,no_person
img_02016.jpg,no_person
img_02017.jpg,no_person
img_02018.jpg,no_person
img_02019.jpg,no_person
img_02020.jpg,no_person
img_02021.jpg,no_person
img_02022.jpg,no_person
img_02023.jpg,no_person
img_02024.jpg,no_person
img_02025.jpg,no_person
img_02026.jpg,no_person
img_02027.jpg,no_person
img_02028.jpg,no_person
img_02029.jpg,no_person
img_02030.jpg,no_person
img_02031.jpg,no_person
img_02032.jpg,no_person
img_02033.jpg,no_person
img_02034.jpg,no_person
img_02035.jpg,no_person
img_02036.jpg,no_person
img_02037.jpg,no_person
img_02038.jpg,no_person
img_02039.jpg,no_person
img_02040.jpg,no_person
img_02041.jpg,no_person
img_02042.jpg,no_person
img_02043.jpg,no_person
img_02044.jpg,no_person
img_02045.jpg,no_person
img_02046.jpg,no_person
img_02047.jpg,no_person
img_02048.jpg,no_person
img_02049.jpg,no_person
img_02050.jpg,no_person
img_02051.jpg,no_person
img_02052.jpg,no_person
img_02053.jpg,no_person
img_02054.jpg,no_person
img_02055.jpg,no_person
img_02056.jpg,no_person
img_02057.jpg,no_person
img_02058.jpg,no_person
img_02059.jpg,no_person
img_02060.jpg,no_person
img_02061.jpg,no_person
img_02062.jpg,no_person
img_02063.jpg,no_person
img_02064.jpg,no_person
img_02065.jpg,no_person
img_02066.jpg,no_person
img_02067.jpg,no_person
img_02068.jpg,no_person
img_02069.jpg,no_person
img_02070.jpg,no_person
img_02071.jpg,no_person
img_02072.jpg,no_person
img_02073.jpg,no_person
img_02074.jpg,no_person
img_02075.jpg,no_person
img_02076.jpg,no_person
img_02077.jpg,no_person
img_02078.jpg,no_person
img_02079.jpg,no_person
img_02080.jpg,no_person
img_02081.jpg,no_person
img_02082.jpg,no_person
img_02083.jpg,no_person
img_02084.jpg,no_person
img_02085.jpg,no_person
img_02086.jpg,no_person
img_02087.jpg,no_person
img_02088.jpg,no_person
img_02089.jpg,no_person
img_02090.jpg,no_person
img_02091.jpg,no_person
img_02092.jpg,no_person
img_02093.jpg,no_person
img_02094.jpg,no_person
img_02095.jpg,no_person
img_02096.jpg,no_person
img_02097.jpg,no_person
img_02098.jpg,no_person
img_02099.jpg,no_person
